date,gasoil_10ppm,ron92,ron95,usd_bdt
2026-01-26,81.700000,67.600000,69.800000,122.360000
2026-01-28,82.400000,68.600000,70.700000,122.370000
2026-01-29,84.300000,69.700000,71.800000,122.350000
2026-02-02,83.100000,67.000000,68.600000,122.300000
2026-02-04,84.200000,69.200000,71.000000,122.305000
2026-02-05,84.500000,69.700000,71.400000,122.300000
2026-02-06,85.600000,69.800000,71.600000,122.300000
2026-02-09,84.200000,71.300000,73.000000,122.300000
2026-02-10,85.000000,73.300000,75.000000,122.305000
2026-02-11,86.000000,72.200000,74.300000,122.305000
2026-02-12,86.000000,71.600000,73.900000,122.305000
2026-02-13,84.000000,68.400000,70.600000,122.305000
2026-02-16,83.500000,68.600000,70.600000,122.300000
2026-02-19,88.200000,72.800000,74.800000,122.302500
2026-02-20,89.500000,74.300000,76.600000,122.302500
2026-02-23,88.100000,74.000000,76.300000,122.300000
2026-02-24,88.700000,75.300000,77.800000,122.300000
2026-02-25,88.500000,75.400000,77.900000,122.300000
2026-02-26,88.500000,75.700000,78.100000,122.300000
2026-02-27,88.500000,75.900000,78.400000,122.300000
2026-03-02,109.600000,85.800000,88.300000,122.300000
2026-03-03,118.500000,90.000000,93.100000,122.315000
2026-03-05,146.500000,99.900000,104.600000,122.365000
2026-03-06,149.900000,106.800000,115.000000,122.365000
2026-03-09,179.100000,132.900000,141.100000,122.490000
2026-03-10,155.100000,112.900000,121.100000,122.550000
2026-03-11,158.800000,110.500000,122.900000,122.690000
2026-03-12,188.700000,123.700000,137.000000,122.750000
2026-03-13,186.900000,130.100000,143.400000,122.750000
2026-03-16,185.300000,134.200000,147.500000,122.750000
2026-03-17,192.100000,132.800000,146.200000,122.750000
2026-03-18,193.100000,134.200000,147.500000,122.750000
2026-03-19,218.800000,145.900000,159.200000,122.750000
2026-03-20,216.800000,143.800000,157.100000,122.750000
2026-03-23,236.600000,150.400000,163.700000,122.750000
2026-03-24,213.600000,135.200000,139.700000,122.750000
2026-03-25,199.200000,124.100000,128.600000,122.750000
2026-03-26,210.200000,119.800000,124.300000,122.750000
2026-03-27,231.400000,122.700000,127.300000,122.750000
2026-03-30,245.500000,131.900000,139.200000,122.750000
2026-03-31,232.000000,130.400000,137.800000,122.750000
2026-04-01,238.500000,128.000000,135.300000,122.750000
2026-04-06,265.000000,133.700000,142.700000,122.750000
2026-04-07,247.800000,129.700000,138.700000,122.825000
2026-04-08,190.700000,110.800000,117.100000,122.750000
2026-04-09,203.400000,122.100000,126.200000,122.725000
2026-04-10,202.200000,119.500000,125.200000,122.725000
2026-04-13,195.300000,119.800000,127.200000,122.750000
2026-04-16,164.800000,112.100000,113.500000,122.700000
2026-04-17,162.900000,113.300000,119.300000,122.700000
2026-04-20,147.400000,109.800000,115.600000,122.700000
2026-04-21,145.200000,109.400000,115.100000,122.725000
2026-04-22,159.600000,114.900000,119.500000,122.750000
2026-04-23,163.600000,116.800000,121.400000,122.750000
2026-04-24,165.200000,115.500000,122.600000,122.750000
2026-04-27,166.400000,119.200000,124.200000,122.750000
2026-04-28,159.800000,117.900000,122.900000,122.750000
2026-04-29,162.400000,121.600000,125.800000,122.750000
2026-04-30,171.600000,126.000000,129.400000,122.750000
2026-05-05,154.000000,128.400000,129.400000,122.750000
2026-05-06,150.200000,125.500000,126.500000,122.750000
2026-05-07,142.600000,118.400000,119.800000,122.750000
2026-05-08,146.800000,115.300000,117.200000,122.750000
2026-05-11,148.700000,119.700000,122.300000,122.750000
2026-05-12,153.800000,125.500000,127.800000,122.750000
2026-05-13,159.000000,127.800000,130.100000,122.750000
2026-05-14,155.500000,128.000000,132.200000,122.750000
2026-05-15,157.200000,128.800000,132.300000,122.750000
2026-05-18,158.800000,131.900000,135.400000,122.750000
2026-05-19,160.500000,131.100000,134.600000,122.750000
2026-05-20,158.000000,128.700000,130.600000,122.750000
2026-05-22,147.800000,120.800000,121.400000,122.750000
2026-05-25,137.600000,117.700000,118.300000,122.750000
2026-05-26,138.600000,117.300000,118.400000,122.750000
2026-05-28,135.200000,111.200000,112.200000,122.750000
2026-05-29,132.100000,107.400000,108.400000,122.750000
2026-06-02,140.900000,110.800000,111.700000,122.750000
2026-06-03,148.900000,113.100000,114.800000,122.750000
2026-06-04,144.800000,109.800000,111.500000,122.750000
2026-06-05,135.000000,107.500000,109.200000,122.750000
2026-06-08,140.400000,113.900000,116.700000,122.750000
2026-06-09,133.300000,111.800000,114.500000,122.750000
2026-06-10,131.300000,110.100000,112.900000,122.750000
2026-06-11,132.300000,111.600000,114.400000,122.750000
2026-06-12,121.300000,104.800000,107.800000,122.750000
2026-06-16,110.900000,98.800000,101.900000,122.750000
2026-06-17,109.400000,96.300000,99.300000,122.750000
2026-06-18,106.800000,95.800000,98.900000,122.750000
2026-06-19,107.200000,98.400000,100.400000,122.750000
2026-06-22,109.100000,98.300000,100.300000,122.750000
2026-06-23,105.000000,95.200000,97.200000,122.750000
2026-06-24,105.800000,92.200000,94.200000,122.750000
2026-06-25,105.700000,90.400000,92.300000,122.750000
2026-06-26,104.800000,91.700000,93.700000,122.750000
2026-07-06,110.200000,89.500000,93.400000,122.850000
2026-07-07,111.900000,88.300000,90.300000,122.850000
2026-07-10,118.900000,88.200000,92.500000,122.850000
2026-07-20,143.500000,105.300000,109.200000,123.590000
2026-07-21,147.500000,107.900000,111.500000,123.570000
2026-07-29,152.500000,108.700000,112.100000,123.810000
2026-07-31,154.400000,108.200000,112.100000,123.820000
2026-08-03,151.700000,102.200000,106.100000,123.815000
2026-08-04,142.800000,101.200000,105.100000,123.810000
2026-08-05,136.900000,94.100000,98.000000,123.810000
2026-08-06,137.600000,94.600000,98.500000,123.810000
2026-08-07,143.100000,99.400000,103.300000,123.810000
2026-08-11,154.200000,106.100000,110.000000,123.665000
2026-08-12,152.700000,104.500000,108.400000,123.495000
2026-08-13,152.400000,104.100000,108.000000,123.230000
2026-08-14,155.000000,104.800000,108.700000,123.230000
2026-08-17,153.500000,105.100000,109.000000,122.590000
2026-08-18,158.700000,108.000000,111.900000,122.460000
2026-08-19,159.200000,108.600000,112.500000,122.060000
2026-08-20,157.200000,107.200000,111.100000,122.075000
2026-08-21,155.900000,107.300000,111.200000,122.075000
2026-08-24,154.400000,105.700000,109.600000,122.540000
2026-08-25,147.300000,105.200000,109.100000,122.815000
2026-08-26,138.500000,101.700000,105.600000,122.815000
2026-08-27,142.000000,104.800000,108.700000,122.995000
2026-08-28,144.800000,106.200000,110.200000,122.995000
2026-08-31,149.200000,110.300000,114.300000,123.000000
2026-09-01,154.300000,111.700000,115.600000,122.925000
2026-09-02,158.600000,114.900000,119.200000,122.725000
2026-09-03,158.100000,116.600000,120.900000,122.805000
2026-09-04,156.600000,115.900000,120.200000,122.805000
2026-09-07,157.900000,119.500000,123.800000,122.795000
2026-09-08,160.300000,124.500000,128.800000,122.805000
2026-09-09,159.300000,124.000000,128.300000,122.880000
2026-09-10,158.300000,124.000000,128.200000,123.025000
2026-09-11,179.700000,135.100000,139.400000,123.025000
2026-09-14,182.700000,134.400000,138.700000,123.180000
2026-09-15,181.400000,132.400000,138.800000,123.300000
2026-09-16,187.100000,135.800000,142.300000,123.175000
2026-09-17,177.800000,133.600000,140.100000,122.950000
2026-09-18,169.700000,132.700000,139.100000,122.950000
2026-09-21,162.000000,128.800000,135.200000,122.725000
2026-09-23,164.200000,126.700000,133.100000,123.015000
2026-09-24,162.600000,129.100000,135.400000,123.200000
2026-09-25,158.000000,127.500000,133.900000,123.200000
